{"cameraMode":{"drawMode":0,"name":"Shaded","section":"Shading Mode"},"sceneLighting":false,"audioPlay":false,"sceneViewState":{"m_AlwaysRefresh":false,"showFog":true,"showSkybox":true,"showFlares":true,"showImageEffects":true,"showParticleSystems":true,"showVisualEffectGraphs":true,"m_FxEnabled":false},"in2DMode":false,"pivot":{"x":694.2649536132813,"y":15.453533172607422,"z":648.1813354492188},"rotation":{"x":0.006948505993932486,"y":0.8250987529754639,"z":-0.5648553967475891,"w":0.010150069370865822},"size":897.7648315429688,"orthographic":false}